bairro,bairro_chave,anuncios,aluguel_mediano,regiao_administrativa
Abolição,abolicao,24,1500.0,
Acari,acari,1,4600.0,
Alto da Boa Vista,alto da boa vista,14,7100.0,
Anchieta,anchieta,8,1295.0,
Andaraí,andarai,56,2404.0,
Anil,anil,146,3250.0,
Argentino,argentino,3,1600.0,
Bancários,bancarios,5,2000.0,
Bangu,bangu,151,2200.0,
Barra da Tijuca,barra da tijuca,1474,6500.0,
Barra de Guaratiba,barra de guaratiba,12,8100.0,
Barros Filho,barros filho,3,28000.0,
Benfica,benfica,67,3500.0,
Bento Ribeiro,bento ribeiro,61,1350.0,
Bonsucesso,bonsucesso,126,3400.0,
Botafogo,botafogo,702,12000.0,
Brás de Pina,bras de pina,95,1300.0,
Cachambi,cachambi,87,2200.0,
Cacuia,cacuia,39,1200.0,
Caju,caju,4,13300.0,
Camorim,camorim,43,4000.0,
Campinho,campinho,23,1600.0,
Campo Grande,campo grande,693,2500.0,
Campo dos Afonsos,campo dos afonsos,5,1700.0,
Cascadura,cascadura,77,1300.0,
Catete,catete,55,5300.0,
Catumbi,catumbi,5,1600.0,
Cavalcanti,cavalcanti,12,800.0,
Centro,centro,816,2525.0,
Cidade Nova,cidade nova,129,41574.0,
Cidade de Deus,cidade de deus,1,43607.0,
Cocotá,cocota,13,1700.0,
Coelho Neto,coelho neto,13,1400.0,
Colégio,colegio,17,1450.0,
Copacabana,copacabana,856,5850.0,
Cordovil,cordovil,33,1750.0,
Cosme Velho,cosme velho,13,13500.0,
Cosmos,cosmos,11,900.0,
Curicica,curicica,55,2500.0,
Del Castilho,del castilho,44,2050.0,
Encantado,encantado,32,1450.0,
Engenheiro Leal,engenheiro leal,8,975.0,
Engenho Novo,engenho novo,67,1900.0,
Engenho de Dentro,engenho de dentro,94,1575.0,
Estácio,estacio,38,3500.5,
Flamengo,flamengo,221,5550.0,
Freguesia (Ilha do Governador),freguesia ilha do governador,19,1800.0,
Freguesia (Jacarepaguá),freguesia jacarepagua,412,2500.0,
Galeão,galeao,23,102000.0,
Gamboa,gamboa,12,27500.0,
Gardênia Azul,gardenia azul,6,3400.0,
Glória,gloria,68,5250.0,
Grajaú,grajau,68,2500.0,
Guadalupe,guadalupe,36,1075.0,
Guaratiba,guaratiba,149,4800.0,
Gávea,gavea,106,8000.0,
Higienópolis,higienopolis,25,1500.0,
Honório Gurgel,honorio gurgel,16,1000.0,
Humaitá,humaita,112,13000.0,
Inhaúma,inhauma,19,1500.0,
Inhoaíba,inhoaiba,12,900.0,
Ipanema,ipanema,711,16000.0,
Irajá,iraja,166,1500.0,
Itanhangá,itanhanga,86,30000.0,
Jacarepaguá,jacarepagua,293,2800.0,
Jacarezinho,jacarezinho,1,2750.0,
Jacaré,jacare,5,3000.0,
Jardim América,jardim america,27,2000.0,
Jardim Botânico,jardim botanico,127,11000.0,
Jardim Carioca,jardim carioca,27,1800.0,
Jardim Guanabara,jardim guanabara,88,3350.0,
Jardim Sulacap,jardim sulacap,38,2150.0,
Joá,joa,50,40000.0,
Lagoa,lagoa,161,16000.0,
Laranjeiras,laranjeiras,89,6000.0,
Leblon,leblon,648,18000.0,
Leme,leme,45,6000.0,
Lins de Vasconcelos,lins de vasconcelos,34,1450.0,
Madureira,madureira,252,1674.5,
Magalhães Bastos,magalhaes bastos,14,1400.0,
Mangueira,mangueira,1,250000.0,
Manguinhos,manguinhos,6,9150.0,
Maracanã,maracana,107,4500.0,
Marechal Hermes,marechal hermes,42,1850.0,
Maria da Graça,maria da graca,13,6500.0,
Maré,mare,9,8000.0,
Moneró,monero,8,1950.0,
Méier,meier,381,1700.0,
Olaria,olaria,89,1700.0,
Oswaldo Cruz,oswaldo cruz,41,1500.0,
Paciência,paciencia,16,6500.0,
Padre Miguel,padre miguel,16,1400.0,
Paquetá,paqueta,5,2000.0,
Parada de Lucas,parada de lucas,23,7000.0,
Parque Anchieta,parque anchieta,6,1050.0,
Parque Colúmbia,parque columbia,13,98820.0,
Pavuna,pavuna,103,80000.0,
Pechincha,pechincha,222,1925.0,
Pedra de Guaratiba,pedra de guaratiba,30,1825.0,
Penha,penha,108,2500.0,
Penha Circular,penha circular,153,1350.0,
Piedade,piedade,58,1300.0,
Pilares,pilares,37,1200.0,
Pitangueiras,pitangueiras,7,1700.0,
Portuguesa,portuguesa,41,1600.0,
Praia da Bandeira,praia da bandeira,11,1300.0,
Praça Seca,praca seca,98,1350.0,
Praça da Bandeira,praca da bandeira,60,2525.0,
Quintino Bocaiúva,quintino bocaiuva,28,975.0,
Ramos,ramos,91,1600.0,
Realengo,realengo,91,1400.0,
Recreio dos Bandeirantes,recreio dos bandeirantes,809,4900.0,
Riachuelo,riachuelo,51,2000.0,
Ribeira,ribeira,8,2250.0,
Ricardo de Albuquerque,ricardo de albuquerque,9,900.0,
Rio Comprido,rio comprido,77,4500.0,
Rocha,rocha,16,1800.0,
Rocha Miranda,rocha miranda,47,1700.0,
Rocinha,rocinha,1,15000.0,
Sampaio,sampaio,10,1350.0,
Santa Cruz,santa cruz,83,4320.0,
Santa Teresa,santa teresa,20,3150.0,
Santo Cristo,santo cristo,153,30000.0,
Santíssimo,santissimo,22,990.0,
Saúde,saude,59,21700.0,
Senador Camará,senador camara,6,1100.0,
Senador Vasconcelos,senador vasconcelos,29,1000.0,
Sepetiba,sepetiba,5,900.0,
São Conrado,sao conrado,38,15100.0,
São Cristóvão,sao cristovao,258,7000.0,
São Francisco Xavier,sao francisco xavier,18,4900.0,
Tanque,tanque,120,1250.0,
Taquara,taquara,519,2100.0,
Tauá,taua,23,1900.0,
Tijuca,tijuca,605,2900.0,
Todos os Santos,todos os santos,63,1800.0,
Tomás Coelho,tomas coelho,20,975.0,
Turiaçu,turiacu,16,990.0,
Urca,urca,32,17500.0,
Vargem Grande,vargem grande,173,5500.0,
Vargem Pequena,vargem pequena,208,5500.0,
Vasco da Gama,vasco da gama,9,35000.0,
Vaz Lobo,vaz lobo,21,1000.0,
Vicente de Carvalho,vicente de carvalho,29,1500.0,
Vidigal,vidigal,5,100000.0,
Vigário Geral,vigario geral,28,2950.0,
Vila Isabel,vila isabel,200,3000.0,
Vila Kosmos,vila kosmos,17,2100.0,
Vila Militar,vila militar,5,1200.0,
Vila Valqueire,vila valqueire,161,2400.0,
Vila da Penha,vila da penha,111,1600.0,
Vista Alegre,vista alegre,46,1975.0,
Zumbi,zumbi,9,1550.0,
Água Santa,agua santa,7,1100.0,
