nome,zona,slug,fonte,observacao
Castelo,zona-central,rj+rio-de-janeiro+zona-central+castelo,mapa-do-site,sub-bairro do Centro (não oficial)
Catumbi,zona-central,rj+rio-de-janeiro+zona-central+catumbi,mapa-do-site,
Centro,zona-central,rj+rio-de-janeiro+zona-central+centro,mapa-do-site,
Cidade Nova,zona-central,rj+rio-de-janeiro+zona-central+cid-nova,mapa-do-site,
Estácio,zona-central,rj+rio-de-janeiro+zona-central+estacio,mapa-do-site,
Gamboa,zona-central,rj+rio-de-janeiro+zona-central+gamboa,mapa-do-site,
Lapa,zona-central,rj+rio-de-janeiro+zona-central+lapa,mapa-do-site,
Mangueira,zona-central,rj+rio-de-janeiro+zona-central+mangueira,sondagem-url,
Paquetá,zona-central,rj+rio-de-janeiro+zona-central+paqueta,mapa-do-site,
Rio Comprido,zona-central,rj+rio-de-janeiro+zona-central+rio-comprido,mapa-do-site,
Santa Teresa,zona-central,rj+rio-de-janeiro+zona-central+sta-teresa,mapa-do-site,
Santo Cristo,zona-central,rj+rio-de-janeiro+zona-central+sto-cristo,mapa-do-site,
Saúde,zona-central,rj+rio-de-janeiro+zona-central+saude,mapa-do-site,
Abolição,zona-norte,rj+rio-de-janeiro+zona-norte+abolicao,mapa-do-site,
Acari,zona-norte,rj+rio-de-janeiro+zona-norte+acari,sondagem-url,
Água Santa,zona-norte,rj+rio-de-janeiro+zona-norte+agua-santa,sondagem-url,
Alto da Boa Vista,zona-norte,rj+rio-de-janeiro+zona-norte+alto-da-boa-vista,mapa-do-site,
Anchieta,zona-norte,rj+rio-de-janeiro+zona-norte+anchieta,mapa-do-site,
Andaraí,zona-norte,rj+rio-de-janeiro+zona-norte+andarai,mapa-do-site,
Bancários,zona-norte,rj+rio-de-janeiro+zona-norte+bancarios,sondagem-url,
Barros Filho,zona-norte,rj+rio-de-janeiro+zona-norte+barros-filho,sondagem-url,
Benfica,zona-norte,rj+rio-de-janeiro+zona-norte+benfica,mapa-do-site,zona conforme o portal (oficialmente Centro)
Bento Ribeiro,zona-norte,rj+rio-de-janeiro+zona-norte+bento-ribeiro,mapa-do-site,
Bonsucesso,zona-norte,rj+rio-de-janeiro+zona-norte+bonsucesso,mapa-do-site,
Brás de Pina,zona-norte,rj+rio-de-janeiro+zona-norte+bras-de-pina,mapa-do-site,
Braz de Pina,zona-norte,rj+rio-de-janeiro+zona-norte+braz-de-pina,mapa-do-site,grafia alternativa de Brás de Pina no portal (anúncios podem se repetir; deduplicados por id)
Cachambi,zona-norte,rj+rio-de-janeiro+zona-norte+cachambi,mapa-do-site,
Cacuia,zona-norte,rj+rio-de-janeiro+zona-norte+cacuia,mapa-do-site,
Caju,zona-norte,rj+rio-de-janeiro+zona-norte+caju,sondagem-url,
Campinho,zona-norte,rj+rio-de-janeiro+zona-norte+campinho,mapa-do-site,
Cascadura,zona-norte,rj+rio-de-janeiro+zona-norte+cascadura,mapa-do-site,
Cavalcanti,zona-norte,rj+rio-de-janeiro+zona-norte+cavalcanti,guia-de-bairros,
Cocotá,zona-norte,rj+rio-de-janeiro+zona-norte+cocota,mapa-do-site,
Coelho Neto,zona-norte,rj+rio-de-janeiro+zona-norte+coelho-neto,mapa-do-site,
Colégio,zona-norte,rj+rio-de-janeiro+zona-norte+colegio,mapa-do-site,
Cordovil,zona-norte,rj+rio-de-janeiro+zona-norte+cordovil,mapa-do-site,
Del Castilho,zona-norte,rj+rio-de-janeiro+zona-norte+del-castilho,mapa-do-site,
Encantado,zona-norte,rj+rio-de-janeiro+zona-norte+encantado,mapa-do-site,
Engenheiro Leal,zona-norte,rj+rio-de-janeiro+zona-norte+engenheiro-leal,sondagem-url,
Engenho de Dentro,zona-norte,rj+rio-de-janeiro+zona-norte+engenho-de-dentro,mapa-do-site,
Engenho Novo,zona-norte,rj+rio-de-janeiro+zona-norte+engenho-novo,mapa-do-site,
Freguesia (Ilha do Governador),zona-norte,rj+rio-de-janeiro+zona-norte+freguesia-ilha-do-governador,guia-de-bairros,
Galeão,zona-norte,rj+rio-de-janeiro+zona-norte+galeao,mapa-do-site,
Grajaú,zona-norte,rj+rio-de-janeiro+zona-norte+grajau,mapa-do-site,
Guadalupe,zona-norte,rj+rio-de-janeiro+zona-norte+guadalupe,mapa-do-site,
Higienópolis,zona-norte,rj+rio-de-janeiro+zona-norte+higienopolis,mapa-do-site,
Honório Gurgel,zona-norte,rj+rio-de-janeiro+zona-norte+honorio-gurgel,mapa-do-site,
Ilha do Governador,zona-norte,rj+rio-de-janeiro+zona-norte+ilha-do-governador,guia-de-bairros,região (engloba vários bairros da Ilha)
Inhaúma,zona-norte,rj+rio-de-janeiro+zona-norte+inhauma,mapa-do-site,
Irajá,zona-norte,rj+rio-de-janeiro+zona-norte+iraja,mapa-do-site,
Jacaré,zona-norte,rj+rio-de-janeiro+zona-norte+jacare,sondagem-url,
Jacarezinho,zona-norte,rj+rio-de-janeiro+zona-norte+jacarezinho,sondagem-url,
Jardim América,zona-norte,rj+rio-de-janeiro+zona-norte+jd-america,mapa-do-site,
Jardim Carioca,zona-norte,rj+rio-de-janeiro+zona-norte+jd-carioca,mapa-do-site,
Jardim Guanabara,zona-norte,rj+rio-de-janeiro+zona-norte+jd-guanabara,mapa-do-site,
Lins de Vasconcelos,zona-norte,rj+rio-de-janeiro+zona-norte+lins-de-vasconcelos,mapa-do-site,
Madureira,zona-norte,rj+rio-de-janeiro+zona-norte+madureira,mapa-do-site,
Manguinhos,zona-norte,rj+rio-de-janeiro+zona-norte+manguinhos,sondagem-url,
Maracanã,zona-norte,rj+rio-de-janeiro+zona-norte+maracana,mapa-do-site,
Marechal Hermes,zona-norte,rj+rio-de-janeiro+zona-norte+marechal-hermes,mapa-do-site,
Maria da Graça,zona-norte,rj+rio-de-janeiro+zona-norte+maria-da-graca,mapa-do-site,
Méier,zona-norte,rj+rio-de-janeiro+zona-norte+meier,mapa-do-site,
Moneró,zona-norte,rj+rio-de-janeiro+zona-norte+monero,mapa-do-site,
Olaria,zona-norte,rj+rio-de-janeiro+zona-norte+olaria,mapa-do-site,
Oswaldo Cruz,zona-norte,rj+rio-de-janeiro+zona-norte+oswaldo-cruz,mapa-do-site,
Parada de Lucas,zona-norte,rj+rio-de-janeiro+zona-norte+parada-de-lucas,mapa-do-site,
Parque Anchieta,zona-norte,rj+rio-de-janeiro+zona-norte+pq-anchieta,sondagem-url,
Parque Colúmbia,zona-norte,rj+rio-de-janeiro+zona-norte+pq-columbia,sondagem-url,
Pavuna,zona-norte,rj+rio-de-janeiro+zona-norte+pavuna,mapa-do-site,
Penha,zona-norte,rj+rio-de-janeiro+zona-norte+penha,mapa-do-site,
Penha Circular,zona-norte,rj+rio-de-janeiro+zona-norte+penha-circular,mapa-do-site,
Piedade,zona-norte,rj+rio-de-janeiro+zona-norte+piedade,mapa-do-site,
Pilares,zona-norte,rj+rio-de-janeiro+zona-norte+pilares,mapa-do-site,
Pitangueiras,zona-norte,rj+rio-de-janeiro+zona-norte+pitangueiras,sondagem-url,
Portuguesa,zona-norte,rj+rio-de-janeiro+zona-norte+portuguesa,mapa-do-site,
Praça da Bandeira,zona-norte,rj+rio-de-janeiro+zona-norte+pc-da-bandeira,mapa-do-site,
Praia da Bandeira,zona-norte,rj+rio-de-janeiro+zona-norte+praia-da-bandeira,mapa-do-site,
Quintino Bocaiúva,zona-norte,rj+rio-de-janeiro+zona-norte+quintino-bocaiuva,mapa-do-site,
Ramos,zona-norte,rj+rio-de-janeiro+zona-norte+ramos,mapa-do-site,
Riachuelo,zona-norte,rj+rio-de-janeiro+zona-norte+riachuelo,mapa-do-site,
Ribeira,zona-norte,rj+rio-de-janeiro+zona-norte+ribeira,mapa-do-site,
Ricardo de Albuquerque,zona-norte,rj+rio-de-janeiro+zona-norte+ricardo-de-albuquerque,guia-de-bairros,
Rocha,zona-norte,rj+rio-de-janeiro+zona-norte+rocha,mapa-do-site,
Rocha Miranda,zona-norte,rj+rio-de-janeiro+zona-norte+rocha-miranda,mapa-do-site,
Sampaio,zona-norte,rj+rio-de-janeiro+zona-norte+sampaio,mapa-do-site,
São Cristóvão,zona-norte,rj+rio-de-janeiro+zona-norte+s-cristovao,mapa-do-site,zona conforme o portal (oficialmente Centro)
São Francisco Xavier,zona-norte,rj+rio-de-janeiro+zona-norte+s-francisco-xavier,mapa-do-site,
Tauá,zona-norte,rj+rio-de-janeiro+zona-norte+taua,mapa-do-site,
Tijuca,zona-norte,rj+rio-de-janeiro+zona-norte+tijuca,mapa-do-site,
Todos os Santos,zona-norte,rj+rio-de-janeiro+zona-norte+todos-os-santos,mapa-do-site,
Tomás Coelho,zona-norte,rj+rio-de-janeiro+zona-norte+tomas-coelho,mapa-do-site,
Turiaçu,zona-norte,rj+rio-de-janeiro+zona-norte+turiacu,mapa-do-site,
Vasco da Gama,zona-norte,rj+rio-de-janeiro+zona-norte+vasco-da-gama,sondagem-url,
Vaz Lobo,zona-norte,rj+rio-de-janeiro+zona-norte+vaz-lobo,mapa-do-site,
Vicente de Carvalho,zona-norte,rj+rio-de-janeiro+zona-norte+vicente-de-carvalho,mapa-do-site,
Vigário Geral,zona-norte,rj+rio-de-janeiro+zona-norte+vigario-geral,mapa-do-site,
Vila da Penha,zona-norte,rj+rio-de-janeiro+zona-norte+vl-da-penha,mapa-do-site,
Vila Isabel,zona-norte,rj+rio-de-janeiro+zona-norte+vl-isabel,mapa-do-site,
Vila Kosmos,zona-norte,rj+rio-de-janeiro+zona-norte+vl-kosmos,mapa-do-site,
Vila Valqueire,zona-norte,rj+rio-de-janeiro+zona-norte+vl-valqueire,mapa-do-site,zona conforme o portal (oficialmente Zona Oeste)
Vista Alegre,zona-norte,rj+rio-de-janeiro+zona-norte+vista-alegre,mapa-do-site,
Zumbi,zona-norte,rj+rio-de-janeiro+zona-norte+zumbi,sondagem-url,
Anil,zona-oeste,rj+rio-de-janeiro+zona-oeste+anil,mapa-do-site,
Bangu,zona-oeste,rj+rio-de-janeiro+zona-oeste+bangu,mapa-do-site,
Barra da Tijuca,zona-oeste,rj+rio-de-janeiro+zona-oeste+barra-da-tijuca,mapa-do-site,
Barra de Guaratiba,zona-oeste,rj+rio-de-janeiro+zona-oeste+barra-de-guaratiba,mapa-do-site,
Barra Olímpica,zona-oeste,rj+rio-de-janeiro+zona-oeste+barra-olimpica,mapa-do-site,sub-bairro da Barra da Tijuca (não oficial)
Camorim,zona-oeste,rj+rio-de-janeiro+zona-oeste+camorim,mapa-do-site,
Campo dos Afonsos,zona-oeste,rj+rio-de-janeiro+zona-oeste+campo-dos-afonsos,sondagem-url,
Campo Grande,zona-oeste,rj+rio-de-janeiro+zona-oeste+campo-grande,mapa-do-site,
Cidade de Deus,zona-oeste,rj+rio-de-janeiro+zona-oeste+cid-de-deus,guia-de-bairros,
Cosmos,zona-oeste,rj+rio-de-janeiro+zona-oeste+cosmos,mapa-do-site,
Curicica,zona-oeste,rj+rio-de-janeiro+zona-oeste+curicica,mapa-do-site,
Freguesia (Jacarepaguá),zona-oeste,rj+rio-de-janeiro+zona-oeste+freguesia-jacarepagua,mapa-do-site,
Gardênia Azul,zona-oeste,rj+rio-de-janeiro+zona-oeste+gardenia-azul,sondagem-url,
Guaratiba,zona-oeste,rj+rio-de-janeiro+zona-oeste+guaratiba,mapa-do-site,
Ilha de Guaratiba,zona-oeste,rj+rio-de-janeiro+zona-oeste+ilha-de-guaratiba,guia-de-bairros,
Inhoaíba,zona-oeste,rj+rio-de-janeiro+zona-oeste+inhoaiba,mapa-do-site,
Itanhangá,zona-oeste,rj+rio-de-janeiro+zona-oeste+itanhanga,mapa-do-site,
Jacarepaguá,zona-oeste,rj+rio-de-janeiro+zona-oeste+jacarepagua,mapa-do-site,
Jardim Oceânico,zona-oeste,rj+rio-de-janeiro+zona-oeste+jd-oceanico,mapa-do-site,sub-bairro da Barra da Tijuca (não oficial)
Jardim Sulacap,zona-oeste,rj+rio-de-janeiro+zona-oeste+jd-sulacap,mapa-do-site,
Joá,zona-oeste,rj+rio-de-janeiro+zona-oeste+joa,mapa-do-site,
Magalhães Bastos,zona-oeste,rj+rio-de-janeiro+zona-oeste+magalhaes-bastos,mapa-do-site,
Paciência,zona-oeste,rj+rio-de-janeiro+zona-oeste+paciencia,mapa-do-site,
Padre Miguel,zona-oeste,rj+rio-de-janeiro+zona-oeste+padre-miguel,mapa-do-site,
Pechincha,zona-oeste,rj+rio-de-janeiro+zona-oeste+pechincha,mapa-do-site,
Pedra de Guaratiba,zona-oeste,rj+rio-de-janeiro+zona-oeste+pedra-de-guaratiba,guia-de-bairros,
Península,zona-oeste,rj+rio-de-janeiro+zona-oeste+peninsula,mapa-do-site,sub-bairro da Barra da Tijuca (não oficial)
Praça Seca,zona-oeste,rj+rio-de-janeiro+zona-oeste+pc-seca,mapa-do-site,
Realengo,zona-oeste,rj+rio-de-janeiro+zona-oeste+realengo,mapa-do-site,
Recreio dos Bandeirantes,zona-oeste,rj+rio-de-janeiro+zona-oeste+recreio-dos-bandeirantes,mapa-do-site,
Santa Cruz,zona-oeste,rj+rio-de-janeiro+zona-oeste+sta-cruz,mapa-do-site,
Santíssimo,zona-oeste,rj+rio-de-janeiro+zona-oeste+santissimo,mapa-do-site,
Senador Camará,zona-oeste,rj+rio-de-janeiro+zona-oeste+senador-camara,sondagem-url,
Senador Vasconcelos,zona-oeste,rj+rio-de-janeiro+zona-oeste+senador-vasconcelos,mapa-do-site,
Sepetiba,zona-oeste,rj+rio-de-janeiro+zona-oeste+sepetiba,mapa-do-site,
Tanque,zona-oeste,rj+rio-de-janeiro+zona-oeste+tanque,mapa-do-site,
Taquara,zona-oeste,rj+rio-de-janeiro+zona-oeste+taquara,mapa-do-site,
Vargem Grande,zona-oeste,rj+rio-de-janeiro+zona-oeste+vargem-grande,mapa-do-site,
Vargem Pequena,zona-oeste,rj+rio-de-janeiro+zona-oeste+vargem-pequena,mapa-do-site,
Vila Militar,zona-oeste,rj+rio-de-janeiro+zona-oeste+vl-militar,sondagem-url,
Arpoador,zona-sul,rj+rio-de-janeiro+zona-sul+arpoador,sondagem-url,sub-bairro de Ipanema (não oficial)
Botafogo,zona-sul,rj+rio-de-janeiro+zona-sul+botafogo,mapa-do-site,
Catete,zona-sul,rj+rio-de-janeiro+zona-sul+catete,mapa-do-site,
Copacabana,zona-sul,rj+rio-de-janeiro+zona-sul+copacabana,mapa-do-site,
Cosme Velho,zona-sul,rj+rio-de-janeiro+zona-sul+cosme-velho,guia-de-bairros,
Flamengo,zona-sul,rj+rio-de-janeiro+zona-sul+flamengo,mapa-do-site,
Gávea,zona-sul,rj+rio-de-janeiro+zona-sul+gavea,mapa-do-site,
Glória,zona-sul,rj+rio-de-janeiro+zona-sul+gloria,mapa-do-site,
Humaitá,zona-sul,rj+rio-de-janeiro+zona-sul+humaita,mapa-do-site,
Ipanema,zona-sul,rj+rio-de-janeiro+zona-sul+ipanema,mapa-do-site,
Jardim Botânico,zona-sul,rj+rio-de-janeiro+zona-sul+jd-botanico,mapa-do-site,
Lagoa,zona-sul,rj+rio-de-janeiro+zona-sul+lagoa,mapa-do-site,
Laranjeiras,zona-sul,rj+rio-de-janeiro+zona-sul+laranjeiras,mapa-do-site,
Leblon,zona-sul,rj+rio-de-janeiro+zona-sul+leblon,mapa-do-site,
Leme,zona-sul,rj+rio-de-janeiro+zona-sul+leme,mapa-do-site,
Rocinha,zona-sul,rj+rio-de-janeiro+zona-sul+rocinha,sondagem-url,
São Conrado,zona-sul,rj+rio-de-janeiro+zona-sul+s-conrado,mapa-do-site,
Urca,zona-sul,rj+rio-de-janeiro+zona-sul+urca,mapa-do-site,
Vidigal,zona-sul,rj+rio-de-janeiro+zona-sul+vidigal,guia-de-bairros,
Vila Kennedy,zona-sul,rj+rio-de-janeiro+zona-sul+vl-kennedy,sondagem-url,zona conforme o portal (oficialmente Zona Oeste)
