regiao_administrativa,anuncios,preco_m2,aluguel,custo_total,area_m2,quartos,ips,ips_necessidades_basicas,ips_bem_estar,ips_oportunidades,preco_m2_esperado,desvio_pct,posicao_ips,posicao_preco,diferenca_posicoes
Lagoa,1310,113.84,16000.0,18490.0,120.0,3.0,85.58,92.6,76.42,87.73,57.4,98.32,2,1,1
Copacabana,636,77.78,5900.0,7318.5,80.0,2.0,84.1,88.69,72.08,91.53,54.77,42.01,3,2,1
Botafogo,644,71.43,6000.0,7595.0,90.0,2.0,89.09,91.86,80.82,94.59,64.14,11.37,1,3,-2
Portuária,37,63.04,3100.0,3760.0,47.0,2.0,52.76,70.13,36.1,52.06,20.32,210.23,23,4,19
Centro,153,60.0,2300.0,2950.0,36.0,1.0,57.66,53.76,54.76,64.48,23.73,152.86,21,5,16
Barra da Tijuca,2136,52.11,6500.0,7837.5,130.0,3.0,69.93,65.36,70.72,73.7,34.98,48.99,7,6,1
Tijuca,277,36.29,3200.0,4275.0,91.0,3.0,79.51,81.46,66.29,90.78,47.36,-23.38,4,7,-3
Vila Isabel,220,34.24,2650.0,3604.5,80.0,2.0,75.74,77.44,67.79,81.99,42.04,-18.55,5,8,-3
Rio Comprido,52,32.88,2350.0,3126.5,67.5,2.0,63.92,70.51,54.34,66.9,28.92,13.69,11,9,2
São Cristóvão,48,29.81,2000.0,2575.0,63.5,2.0,59.13,70.84,42.1,64.45,24.86,19.93,19,10,9
Ilha do Governador,175,29.55,2100.0,2624.0,68.0,2.0,71.83,84.58,61.72,69.2,37.15,-20.45,6,11,-5
Jacarepaguá,1104,26.38,2400.0,3110.0,75.5,2.0,64.01,68.99,57.24,65.79,29.0,-9.06,10,12,-2
Méier,523,24.0,1500.0,2000.0,60.0,2.0,68.99,77.66,56.57,72.73,33.95,-29.31,8,13,-5
Irajá,236,23.08,1400.0,1770.5,61.0,2.0,65.82,77.04,53.03,67.38,30.71,-24.85,9,14,-5
Ramos,114,22.72,1300.0,1590.0,60.0,2.0,62.52,73.62,46.01,67.93,27.67,-17.89,15,15,0
Inhaúma,62,22.16,1200.0,1527.5,52.0,2.0,62.56,71.74,42.9,73.04,27.71,-20.04,14,16,-2
Guaratiba,95,21.7,1400.0,1500.0,65.0,2.0,47.37,50.02,34.88,57.19,17.13,26.68,25,17,8
Realengo,84,21.34,1275.0,1422.5,60.0,2.0,60.48,71.56,48.1,61.77,25.94,-17.72,18,18,0
Madureira,317,20.0,1050.0,1270.0,55.0,2.0,58.67,65.42,48.24,62.36,24.5,-18.36,20,19,1
Penha,154,19.63,1200.0,1397.5,61.5,2.0,63.18,77.6,49.15,62.81,28.26,-30.51,12,20,-8
Campo Grande,294,18.99,1200.0,1450.0,60.0,2.0,62.45,77.25,46.2,63.9,27.61,-31.21,16,21,-5
Bangu,68,18.86,1100.0,1300.0,60.0,2.0,57.47,71.78,41.21,59.4,23.58,-20.02,22,22,0
Santa Cruz,42,18.56,832.5,1102.5,45.0,2.0,51.79,63.27,30.55,61.54,19.7,-5.77,24,23,1
Vigário Geral,49,18.0,1000.0,1100.0,55.0,2.0,60.86,72.31,46.64,63.65,26.26,-31.45,17,24,-7
Anchieta,37,17.0,1000.0,1100.0,55.0,2.0,63.03,73.43,49.02,66.64,28.12,-39.53,13,25,-12
